{"cameraMode":{"drawMode":0,"name":"Shaded","section":"Shading Mode"},"sceneLighting":true,"audioPlay":false,"sceneViewState":{"showFog":true,"showMaterialUpdate":false,"showSkybox":true,"showFlares":true,"showImageEffects":true,"showParticleSystems":true},"in2DMode":false,"pivot":{"x":0.2973749041557312,"y":0.04748241603374481,"z":0.010569505393505097},"rotation":{"x":0.22428356111049653,"y":-0.05052179470658302,"z":0.011822319589555264,"w":0.9732531905174255},"size":0.07538579404354096,"orthographic":false}