{"cameraMode":{"drawMode":0,"name":"Shaded","section":"Shading Mode"},"sceneLighting":true,"audioPlay":false,"sceneViewState":{"showFog":true,"showMaterialUpdate":false,"showSkybox":true,"showFlares":true,"showImageEffects":true,"showParticleSystems":true},"in2DMode":false,"pivot":{"x":0.11848610639572144,"y":-0.0021593570709228517,"z":0.2751319706439972},"rotation":{"x":0.20536087453365327,"y":-0.20326359570026399,"z":0.04369098320603371,"w":0.9564887881278992},"size":0.4476306438446045,"orthographic":false}